address,city,state
1001 Everett St,Los Angeles,CA
1018 S Hill,Los Angeles,CA
109 Wall,Los Angeles,CA
110 Court St,Los Angeles,CA
1104 San Julian St,Los Angeles,CA
111 S Chicago,Los Angeles,CA
1129 Crocker St,Los Angeles,CA
113-1/2 S Broadway,Los Angeles,CA
120 W 51st St,Los Angeles,CA
122 E 5th St,Los Angeles,CA
1237 Ivy Ave,Los Angeles,CA
1243 S Vermont Ave,Los Angeles,CA
124-1/2 E 2nd,Los Angeles,CA
128 S Los Angeles St,Los Angeles,CA
129 Wilmington St,Los Angeles,CA
1335 Pennsylvania Avenue,Los Angeles,CA
1426 Court,Los Angeles,CA
147 N Vine St,Los Angeles,CA
1512 Kearney St,Los Angeles,CA
1518 Kearney St,Los Angeles,CA
156 W 38th St,Los Angeles,CA
1626 Santee St,Los Angeles,CA
1818 E 2nd St,Los Angeles,CA
200 E 1st St,Los Angeles,CA
206-1/2 S Main St,Los Angeles,CA
2124 E 1st St,Los Angeles,CA
214 Wilmington,Los Angeles,CA
215 W 27th St,Los Angeles,CA
215 W 57th St,Los Angeles,CA
217 Bunker Hill Avenue,Los Angeles,CA
222 N Main St rear,Los Angeles,CA
223 W 60th St,Los Angeles,CA
224 N Chicago St,Los Angeles,CA
225 N Bunker Hill Ave,Los Angeles,CA
228 N Hope St,Los Angeles,CA
23 Sepulveda,Los Angeles,CA
240 N Hope St,Los Angeles,CA
241 S Main St,Los Angeles,CA
2440 Houston St,Los Angeles,CA
248 N Anderson St,Los Angeles,CA
257 S Broadway,Los Angeles,CA
302 Crocker St,Los Angeles,CA
310 Ord St,Los Angeles,CA
318 Crocker St,Los Angeles,CA
322 W 3rd,Los Angeles,CA
326 N Main St,Los Angeles,CA
328 N Main St,Los Angeles,CA
329 Hemlock St,Los Angeles,CA
329 Jackson St,Los Angeles,CA
335 Crocker St,Los Angeles,CA
343 N Main St,Los Angeles,CA
360 E 3rd St,Los Angeles,CA
403 W 52nd Place St,Los Angeles,CA
4106 Budlong Avenue,Los Angeles,CA
412 Ducommon St,Los Angeles,CA
412 Vignes St,Los Angeles,CA
412 Wall St,Los Angeles,CA
413 56th St,Los Angeles,CA
413 Amelia St,Los Angeles,CA
414 N Los Angeles,Los Angeles,CA
419 S Grand St,Los Angeles,CA
423 Ducommon St,Los Angeles,CA
423 Temple St,Los Angeles,CA
425 Amelia St,Los Angeles,CA
427 E 5th St,Los Angeles,CA
427 W 52nd Place,Los Angeles,CA
460 Jackson St,Los Angeles,CA
467 Labory Lane,Los Angeles,CA
471-1/2 E 3rd,Los Angeles,CA
473 N Figueroa St,Los Angeles,CA
50 Wilmington,Los Angeles,CA
505 Bunker Hill Ave,Los Angeles,CA
510 Ducommon St,Los Angeles,CA
520-1/2 E 9th St,Los Angeles,CA
530 Temple St,Los Angeles,CA
536 Towne Ave,Los Angeles,CA
542 S Los Angeles St,Los Angeles,CA
545 Jackson St,Los Angeles,CA
551 S Grand Ave,Los Angeles,CA
559 S Hope St,Los Angeles,CA
607-1/2 N Main St,Los Angeles,CA
609 Hazard St,Los Angeles,CA
622 Castelar St,Los Angeles,CA
632 Wall St,Los Angeles,CA
638 Crocker St,Los Angeles,CA
650 San Fernando St,Los Angeles,CA
674 S Spring St,Los Angeles,CA
715 Alpine St,Los Angeles,CA
727 New High St,Los Angeles,CA
733-1/2 Jackson St,Los Angeles,CA
740 S Spring St,Los Angeles,CA
745 Castelar St,Los Angeles,CA
757 New High,Los Angeles,CA
762 San Julian St,Los Angeles,CA
776 San Julian St,Los Angeles,CA
840 San Julian St,Los Angeles,CA
850 Castelar St,Los Angeles,CA
885 W Kensington Road,Los Angeles,CA
906 Crocker St,Los Angeles,CA
920 Crocker St,Los Angeles,CA
921 Date St,Los Angeles,CA
926 Crocker St,Los Angeles,CA
927 Park View,Los Angeles,CA
933 Court St,Los Angeles,CA
971 E 41st St,Los Angeles,CA
3003 Main St,Ocean Park (Santa Monica),CA
E 1st and Anderson,Los Angeles,CA
Fort between 1st and Franklin
Broadway Market Broadway and Sixth,Los Angeles,CA
cor Mahasio and upper New,Los Angeles,CA
Downey Block, NE Corner Temple and Main St,Los Angeles,CA
First Natl Bank Bldg San Pedro,Los Angeles,CA